case,crop_id,seed,k1_true,k2_true,noise,method,status,protocol_version,mi_quantization,warp_backend,k1_err,k1_signed,pos_rmse,pos_mae,pos_max,seam_true,seam_est,psnr,ssim,ncc,mse,coverage_fraction,distortion_psnr,distortion_ssim,distortion_ncc,distortion_mse,distortion_coverage_fraction,time_s,iterations,pre_rmse,pre_mae,at_bound
c0_s2026_k1_m0.0080_noise_00,0,2026,-0.008,0.0,0,sequential_paper_matched,ok,2026-08-11-rigorous-v12,"{""algorithm"": ""MiniBatchKMeans"", ""batch_size"": 10000, ""max_iter"": 300, ""random_seed"": 1000}",torch_grid_sample_bicubic,0.005380202677150277,0.005380202677150277,8.787617550976046,4.833333333333333,10.0,0.0038744456879953415,0.001443392579896437,35.33007720027733,0.978173034694091,0.9737716427453502,1258748.2723965724,0.9925606922706727,52.19555492550589,0.9980912104000337,0.9994603343350437,25905.44846233631,1.0,430.35,1,12.978614889287858,7.222222222222222,False
c0_s2026_k1_m0.0080_noise_00,0,2026,-0.008,0.0,0,dcs_paper_style,ok,2026-08-11-rigorous-v12,"{""algorithm"": ""MiniBatchKMeans"", ""batch_size"": 10000, ""max_iter"": 300, ""random_seed"": 1000}",torch_grid_sample_bicubic,0.002597055028602099,0.002597055028602099,5.5677643628300215,3.1666666666666665,6.0,0.0021274187366256488,0.0011079303571138524,38.59295109173856,0.9873174043252968,0.9876330349524155,593815.457377481,0.9952032785224313,57.689346402680584,0.9992781803329702,0.9998477180710463,7311.592307664493,1.0,898.45,25,12.978614889287858,7.222222222222222,False
c0_s2026_k1_m0.0080_noise_10,0,2026,-0.008,0.0,10,sequential_paper_matched,ok,2026-08-11-rigorous-v12,"{""algorithm"": ""MiniBatchKMeans"", ""batch_size"": 10000, ""max_iter"": 300, ""random_seed"": 1000}",torch_grid_sample_bicubic,0.005380202677150277,0.005380202677150277,8.787617550976046,4.833333333333333,10.0,0.0038744456879953415,0.001443392579896437,35.33007720027733,0.978173034694091,0.9737716427453502,1258748.2723965724,0.9925606922706727,52.19555492550589,0.9980912104000337,0.9994603343350437,25905.44846233631,1.0,472.04,1,12.978614889287858,7.222222222222222,False
c0_s2026_k1_m0.0080_noise_10,0,2026,-0.008,0.0,10,dcs_paper_style,ok,2026-08-11-rigorous-v12,"{""algorithm"": ""MiniBatchKMeans"", ""batch_size"": 10000, ""max_iter"": 300, ""random_seed"": 1000}",torch_grid_sample_bicubic,0.002597055028602099,0.002597055028602099,5.5677643628300215,3.1666666666666665,6.0,0.0021274187366256488,0.0011079303571138524,38.59295109173856,0.9873174043252968,0.9876330349524155,593815.457377481,0.9952032785224313,57.689346402680584,0.9992781803329702,0.9998477180710463,7311.592307664493,1.0,1233.34,25,12.978614889287858,7.222222222222222,False
c0_s2026_k1_p0.0000_noise_00,0,2026,0.0,0.0,0,sequential_paper_matched,ok,2026-08-11-rigorous-v12,"{""algorithm"": ""MiniBatchKMeans"", ""batch_size"": 10000, ""max_iter"": 300, ""random_seed"": 1000}",torch_grid_sample_bicubic,1.0626767011106717e-06,-1.0626767011106717e-06,0.0,0.0,0.0,1.4180881870856693e-07,1.4180881870856693e-07,127.00315891753027,0.9999999999069601,0.9999999999821862,0.0008563094085396322,1.0,127.00315891753027,0.9999999999069601,0.9999999999821862,0.0008563094085396322,1.0,418.46,1,0.0,0.0,False
c0_s2026_k1_p0.0000_noise_00,0,2026,0.0,0.0,0,dcs_paper_style,ok,2026-08-11-rigorous-v12,"{""algorithm"": ""MiniBatchKMeans"", ""batch_size"": 10000, ""max_iter"": 300, ""random_seed"": 1000}",torch_grid_sample_bicubic,4.917672419540378e-07,-4.917672419540378e-07,0.0,0.0,0.0,1.4737637048234438e-09,1.4737637048234438e-09,143.17229566012776,0.9999999999978653,0.9999999999995709,2.0687930165031398e-05,1.0,143.17229566012776,0.9999999999978653,0.9999999999995709,2.0687930165031398e-05,1.0,817.7,25,0.0,0.0,False
c0_s2026_k1_p0.0000_noise_10,0,2026,0.0,0.0,10,sequential_paper_matched,ok,2026-08-11-rigorous-v12,"{""algorithm"": ""MiniBatchKMeans"", ""batch_size"": 10000, ""max_iter"": 300, ""random_seed"": 1000}",torch_grid_sample_bicubic,1.0626767011106717e-06,-1.0626767011106717e-06,0.0,0.0,0.0,1.4180881870856693e-07,1.4180881870856693e-07,127.00315891753027,0.9999999999069601,0.9999999999821862,0.0008563094085396322,1.0,127.00315891753027,0.9999999999069601,0.9999999999821862,0.0008563094085396322,1.0,475.4,1,0.0,0.0,False
c0_s2026_k1_p0.0000_noise_10,0,2026,0.0,0.0,10,dcs_paper_style,ok,2026-08-11-rigorous-v12,"{""algorithm"": ""MiniBatchKMeans"", ""batch_size"": 10000, ""max_iter"": 300, ""random_seed"": 1000}",torch_grid_sample_bicubic,4.917672419540378e-07,-4.917672419540378e-07,0.0,0.0,0.0,1.4737637048234438e-09,1.4737637048234438e-09,143.17229566012776,0.9999999999978653,0.9999999999995709,2.0687930165031398e-05,1.0,143.17229566012776,0.9999999999978653,0.9999999999995709,2.0687930165031398e-05,1.0,509.46,25,0.0,0.0,False
c0_s2026_k1_p0.0080_noise_00,0,2026,0.008,0.0,0,sequential_paper_matched,ok,2026-08-11-rigorous-v12,"{""algorithm"": ""MiniBatchKMeans"", ""batch_size"": 10000, ""max_iter"": 300, ""random_seed"": 1000}",torch_grid_sample_bicubic,0.005212359827298079,-0.005212359827298079,8.595864638818417,4.722222222222222,10.0,0.003635694439466398,0.0011616778171873357,36.545643720229826,0.9835539240915946,0.9802053264528301,951441.8175365205,1.0,52.73706227456139,0.9982513711897913,0.9995241066184712,22868.642223709274,1.0,478.94,1,12.556538801224908,6.944444444444445,False
c0_s2026_k1_p0.0080_noise_00,0,2026,0.008,0.0,0,dcs_paper_style,ok,2026-08-11-rigorous-v12,"{""algorithm"": ""MiniBatchKMeans"", ""batch_size"": 10000, ""max_iter"": 300, ""random_seed"": 1000}",torch_grid_sample_bicubic,0.003390130054998627,-0.003390130054998627,7.086763875156433,3.888888888888889,8.0,0.0025417164209293416,0.0011818800926700146,38.034800296052836,0.9867607579911944,0.9859448831613833,675253.0864281068,1.0,55.9907416358049,0.9990035034971713,0.9997749635169664,10811.163714223194,1.0,522.81,25,12.556538801224908,6.944444444444445,False
c0_s2026_k1_p0.0080_noise_10,0,2026,0.008,0.0,10,sequential_paper_matched,ok,2026-08-11-rigorous-v12,"{""algorithm"": ""MiniBatchKMeans"", ""batch_size"": 10000, ""max_iter"": 300, ""random_seed"": 1000}",torch_grid_sample_bicubic,0.005212359827298079,-0.005212359827298079,8.595864638818417,4.722222222222222,10.0,0.003635694439466398,0.0011616778171873357,36.545643720229826,0.9835539240915946,0.9802053264528301,951441.8175365205,1.0,52.73706227456139,0.9982513711897913,0.9995241066184712,22868.642223709274,1.0,521.69,1,12.556538801224908,6.944444444444445,False
c0_s2026_k1_p0.0080_noise_10,0,2026,0.008,0.0,10,dcs_paper_style,ok,2026-08-11-rigorous-v12,"{""algorithm"": ""MiniBatchKMeans"", ""batch_size"": 10000, ""max_iter"": 300, ""random_seed"": 1000}",torch_grid_sample_bicubic,0.003390130054998627,-0.003390130054998627,7.086763875156433,3.888888888888889,8.0,0.0025417164209293416,0.0011818800926700146,38.034800296052836,0.9867607579911944,0.9859448831613833,675253.0864281068,1.0,55.9907416358049,0.9990035034971713,0.9997749635169664,10811.163714223194,1.0,544.36,25,12.556538801224908,6.944444444444445,False
c0_s2027_k1_m0.0080_noise_10,0,2027,-0.008,0.0,10,sequential_paper_matched,ok,2026-08-11-rigorous-v12,"{""algorithm"": ""MiniBatchKMeans"", ""batch_size"": 10000, ""max_iter"": 300, ""random_seed"": 1000}",torch_grid_sample_bicubic,0.005380202677150277,0.005380202677150277,8.787617550976046,4.833333333333333,10.0,0.0038744456879953415,0.001443392579896437,35.33007720027733,0.978173034694091,0.9737716427453502,1258748.2723965724,0.9925606922706727,52.19555492550589,0.9980912104000337,0.9994603343350437,25905.44846233631,1.0,599.92,1,12.978614889287858,7.222222222222222,False
c0_s2027_k1_m0.0080_noise_10,0,2027,-0.008,0.0,10,dcs_paper_style,ok,2026-08-11-rigorous-v12,"{""algorithm"": ""MiniBatchKMeans"", ""batch_size"": 10000, ""max_iter"": 300, ""random_seed"": 1000}",torch_grid_sample_bicubic,0.002597055028602099,0.002597055028602099,5.5677643628300215,3.1666666666666665,6.0,0.0021274187366256488,0.0011079303571138524,38.59295109173856,0.9873174043252968,0.9876330349524155,593815.457377481,0.9952032785224313,57.689346402680584,0.9992781803329702,0.9998477180710463,7311.592307664493,1.0,614.15,25,12.978614889287858,7.222222222222222,False
c0_s2027_k1_p0.0000_noise_10,0,2027,0.0,0.0,10,sequential_paper_matched,ok,2026-08-11-rigorous-v12,"{""algorithm"": ""MiniBatchKMeans"", ""batch_size"": 10000, ""max_iter"": 300, ""random_seed"": 1000}",torch_grid_sample_bicubic,1.0626767011106717e-06,-1.0626767011106717e-06,0.0,0.0,0.0,1.4180881870856693e-07,1.4180881870856693e-07,127.00315891753027,0.9999999999069601,0.9999999999821862,0.0008563094085396322,1.0,127.00315891753027,0.9999999999069601,0.9999999999821862,0.0008563094085396322,1.0,562.24,1,0.0,0.0,False
c0_s2027_k1_p0.0000_noise_10,0,2027,0.0,0.0,10,dcs_paper_style,ok,2026-08-11-rigorous-v12,"{""algorithm"": ""MiniBatchKMeans"", ""batch_size"": 10000, ""max_iter"": 300, ""random_seed"": 1000}",torch_grid_sample_bicubic,4.917672419540378e-07,-4.917672419540378e-07,0.0,0.0,0.0,1.4737637048234438e-09,1.4737637048234438e-09,143.17229566012776,0.9999999999978653,0.9999999999995709,2.0687930165031398e-05,1.0,143.17229566012776,0.9999999999978653,0.9999999999995709,2.0687930165031398e-05,1.0,588.0,25,0.0,0.0,False
c0_s2027_k1_p0.0080_noise_10,0,2027,0.008,0.0,10,sequential_paper_matched,ok,2026-08-11-rigorous-v12,"{""algorithm"": ""MiniBatchKMeans"", ""batch_size"": 10000, ""max_iter"": 300, ""random_seed"": 1000}",torch_grid_sample_bicubic,0.005212359827298079,-0.005212359827298079,8.595864638818417,4.722222222222222,10.0,0.003635694439466398,0.0011616778171873357,36.545643720229826,0.9835539240915946,0.9802053264528301,951441.8175365205,1.0,52.73706227456139,0.9982513711897913,0.9995241066184712,22868.642223709274,1.0,570.21,1,12.556538801224908,6.944444444444445,False
c0_s2027_k1_p0.0080_noise_10,0,2027,0.008,0.0,10,dcs_paper_style,ok,2026-08-11-rigorous-v12,"{""algorithm"": ""MiniBatchKMeans"", ""batch_size"": 10000, ""max_iter"": 300, ""random_seed"": 1000}",torch_grid_sample_bicubic,0.003390130054998627,-0.003390130054998627,7.086763875156433,3.888888888888889,8.0,0.0025417164209293416,0.0011818800926700146,38.034800296052836,0.9867607579911944,0.9859448831613833,675253.0864281068,1.0,55.9907416358049,0.9990035034971713,0.9997749635169664,10811.163714223194,1.0,609.52,25,12.556538801224908,6.944444444444445,False
c1_s2026_k1_m0.0080_noise_00,1,2026,-0.008,0.0,0,sequential_paper_matched,ok,2026-08-11-rigorous-v12,"{""algorithm"": ""MiniBatchKMeans"", ""batch_size"": 10000, ""max_iter"": 300, ""random_seed"": 1000}",torch_grid_sample_bicubic,0.005679854765071393,0.005679854765071393,10.23067283548187,5.666666666666667,11.0,0.007401985903797317,0.0021326329836589483,30.995946681521353,0.9680458837105135,0.9479007398723731,3414695.163076675,0.9916714350846572,49.20792579593354,0.9969088876938884,0.9992106584246335,51541.14092338292,1.0,571.39,1,14.247806848775006,7.833333333333333,False
c1_s2026_k1_m0.0080_noise_00,1,2026,-0.008,0.0,0,dcs_paper_style,ok,2026-08-11-rigorous-v12,"{""algorithm"": ""MiniBatchKMeans"", ""batch_size"": 10000, ""max_iter"": 300, ""random_seed"": 1000}",torch_grid_sample_bicubic,0.0025289784637208155,0.0025289784637208155,5.773502691896258,3.2222222222222223,7.0,0.003618775086296616,0.001781680900448858,34.66293391022587,0.9827564864046748,0.977573383201775,1467753.8103844444,0.9953322272906252,55.354974968929255,0.9988960839602706,0.9998083360271848,12515.526111495927,1.0,610.95,25,14.247806848775006,7.833333333333333,False
c1_s2026_k1_m0.0080_noise_10,1,2026,-0.008,0.0,10,sequential_paper_matched,ok,2026-08-11-rigorous-v12,"{""algorithm"": ""MiniBatchKMeans"", ""batch_size"": 10000, ""max_iter"": 300, ""random_seed"": 1000}",torch_grid_sample_bicubic,0.006097152142422469,0.006097152142422469,10.954451150103322,6.0,12.0,0.00790347592475332,0.0023530478899264798,30.52384527671456,0.9655495434132232,0.9419407265159341,3806817.69947224,0.9909160198120571,48.68028201078167,0.9966632075712113,0.9991087019367266,58199.3864769081,1.0,601.7,1,14.487542541400487,7.944444444444445,False
c1_s2026_k1_m0.0080_noise_10,1,2026,-0.008,0.0,10,dcs_paper_style,ok,2026-08-11-rigorous-v12,"{""algorithm"": ""MiniBatchKMeans"", ""batch_size"": 10000, ""max_iter"": 300, ""random_seed"": 1000}",torch_grid_sample_bicubic,0.0027320694186969323,0.0027320694186969323,5.32290647422377,2.9444444444444446,6.0,0.0038655736850761457,0.0016595163729201806,35.08949109927379,0.9839153869520676,0.9796699096953154,1330446.7519460975,0.9955817776969289,54.770956905531776,0.9987692321212274,0.9997807483046507,14316.963474191034,1.0,626.84,25,14.487542541400487,7.944444444444445,False
c1_s2026_k1_p0.0000_noise_00,1,2026,0.0,0.0,0,sequential_paper_matched,ok,2026-08-11-rigorous-v12,"{""algorithm"": ""MiniBatchKMeans"", ""batch_size"": 10000, ""max_iter"": 300, ""random_seed"": 1000}",torch_grid_sample_bicubic,1.2767622049877437e-06,-1.2767622049877437e-06,0.0,0.0,0.0,7.820226888520549e-07,7.820226888520549e-07,121.7981077495921,0.9999999997065905,0.9999999999565375,0.002838806771997854,1.0,121.7981077495921,0.9999999997065905,0.9999999999565375,0.002838806771997854,1.0,615.81,1,0.0,0.0,False
c1_s2026_k1_p0.0000_noise_00,1,2026,0.0,0.0,0,dcs_paper_style,ok,2026-08-11-rigorous-v12,"{""algorithm"": ""MiniBatchKMeans"", ""batch_size"": 10000, ""max_iter"": 300, ""random_seed"": 1000}",torch_grid_sample_bicubic,1.0675245962478611e-06,-1.0675245962478611e-06,0.0,0.0,0.0,4.953483563434353e-07,4.953483563434353e-07,124.43823028852916,0.9999999998402788,0.9999999999763487,0.001545694204904198,1.0,124.43823028852916,0.9999999998402788,0.9999999999763487,0.001545694204904198,1.0,632.24,25,0.0,0.0,False
c1_s2026_k1_p0.0000_noise_10,1,2026,0.0,0.0,10,sequential_paper_matched,ok,2026-08-11-rigorous-v12,"{""algorithm"": ""MiniBatchKMeans"", ""batch_size"": 10000, ""max_iter"": 300, ""random_seed"": 1000}",torch_grid_sample_bicubic,1.2767622049877437e-06,-1.2767622049877437e-06,0.0,0.0,0.0,7.820226888520549e-07,7.820226888520549e-07,121.7981077495921,0.9999999997065905,0.9999999999565375,0.002838806771997854,1.0,121.7981077495921,0.9999999997065905,0.9999999999565375,0.002838806771997854,1.0,648.25,1,0.0,0.0,False
c1_s2026_k1_p0.0000_noise_10,1,2026,0.0,0.0,10,dcs_paper_style,ok,2026-08-11-rigorous-v12,"{""algorithm"": ""MiniBatchKMeans"", ""batch_size"": 10000, ""max_iter"": 300, ""random_seed"": 1000}",torch_grid_sample_bicubic,1.0675245962478611e-06,-1.0675245962478611e-06,0.0,0.0,0.0,4.953483563434353e-07,4.953483563434353e-07,124.43823028852916,0.9999999998402788,0.9999999999763487,0.001545694204904198,1.0,124.43823028852916,0.9999999998402788,0.9999999999763487,0.001545694204904198,1.0,653.24,25,0.0,0.0,False
c1_s2026_k1_p0.0080_noise_00,1,2026,0.008,0.0,0,sequential_paper_matched,ok,2026-08-11-rigorous-v12,"{""algorithm"": ""MiniBatchKMeans"", ""batch_size"": 10000, ""max_iter"": 300, ""random_seed"": 1000}",torch_grid_sample_bicubic,0.0056622617132164235,-0.0056622617132164235,9.504384952922168,5.166666666666667,11.0,0.007063008516162127,0.0020238389196411146,33.78290921293087,0.9774593640822704,0.9723737616094235,1797445.3143450306,1.0,49.560719714721074,0.9970792222123586,0.9992722008433235,47519.803493491614,1.0,607.67,1,14.204850501775011,7.888888888888889,False
c1_s2026_k1_p0.0080_noise_00,1,2026,0.008,0.0,0,dcs_paper_style,ok,2026-08-11-rigorous-v12,"{""algorithm"": ""MiniBatchKMeans"", ""batch_size"": 10000, ""max_iter"": 300, ""random_seed"": 1000}",torch_grid_sample_bicubic,0.003451685610125049,-0.003451685610125049,7.593857166596345,4.277777777777778,9.0,0.004513825899136468,0.002248910857032204,35.58568240397912,0.9821910062081693,0.9817802578796772,1186802.2667500556,0.9997495860974807,53.32404208764408,0.998396303917012,0.9996940531065766,19977.55793361614,1.0,631.38,25,14.204850501775011,7.888888888888889,False
c1_s2026_k1_p0.0080_noise_10,1,2026,0.008,0.0,10,sequential_paper_matched,ok,2026-08-11-rigorous-v12,"{""algorithm"": ""MiniBatchKMeans"", ""batch_size"": 10000, ""max_iter"": 300, ""random_seed"": 1000}",torch_grid_sample_bicubic,0.00593531756540272,-0.00593531756540272,10.837178804672572,5.944444444444445,12.0,0.007378284672144823,0.002344000419741123,32.7890344589813,0.9739334887942879,0.9652522868703675,2259660.3316332903,1.0,49.21254333616517,0.9969280759186065,0.9992114386965149,51486.370064903254,1.0,641.53,1,14.071247279470288,7.777777777777778,False
c1_s2026_k1_p0.0080_noise_10,1,2026,0.008,0.0,10,dcs_paper_style,ok,2026-08-11-rigorous-v12,"{""algorithm"": ""MiniBatchKMeans"", ""batch_size"": 10000, ""max_iter"": 300, ""random_seed"": 1000}",torch_grid_sample_bicubic,0.0035282015752797855,-0.0035282015752797855,7.187952884282608,3.9444444444444446,8.0,0.004595505486191284,0.00207581659738513,36.08662113275954,0.9831810756875967,0.9837660561388251,1057510.0278157427,1.0,53.157700681124695,0.9983491837835677,0.9996821072780577,20757.57135094415,1.0,675.74,25,14.071247279470288,7.777777777777778,False
c1_s2027_k1_m0.0080_noise_10,1,2027,-0.008,0.0,10,sequential_paper_matched,ok,2026-08-11-rigorous-v12,"{""algorithm"": ""MiniBatchKMeans"", ""batch_size"": 10000, ""max_iter"": 300, ""random_seed"": 1000}",torch_grid_sample_bicubic,0.005679854765071393,0.005679854765071393,10.23067283548187,5.666666666666667,11.0,0.007401985903797317,0.0021326329836589483,30.995946681521353,0.9680458837105135,0.9479007398723731,3414695.163076675,0.9916714350846572,49.20792579593354,0.9969088876938884,0.9992106584246335,51541.14092338292,1.0,704.3,1,14.247806848775006,7.833333333333333,False
c1_s2027_k1_m0.0080_noise_10,1,2027,-0.008,0.0,10,dcs_paper_style,ok,2026-08-11-rigorous-v12,"{""algorithm"": ""MiniBatchKMeans"", ""batch_size"": 10000, ""max_iter"": 300, ""random_seed"": 1000}",torch_grid_sample_bicubic,0.0025289784637208155,0.0025289784637208155,5.773502691896258,3.2222222222222223,7.0,0.003618775086296616,0.001781680900448858,34.66293391022587,0.9827564864046748,0.977573383201775,1467753.8103844444,0.9953322272906252,55.354974968929255,0.9988960839602706,0.9998083360271848,12515.526111495927,1.0,708.26,25,14.247806848775006,7.833333333333333,False
c1_s2027_k1_p0.0000_noise_10,1,2027,0.0,0.0,10,sequential_paper_matched,ok,2026-08-11-rigorous-v12,"{""algorithm"": ""MiniBatchKMeans"", ""batch_size"": 10000, ""max_iter"": 300, ""random_seed"": 1000}",torch_grid_sample_bicubic,1.2767622049877437e-06,-1.2767622049877437e-06,0.0,0.0,0.0,7.820226888520549e-07,7.820226888520549e-07,121.7981077495921,0.9999999997065905,0.9999999999565375,0.002838806771997854,1.0,121.7981077495921,0.9999999997065905,0.9999999999565375,0.002838806771997854,1.0,705.08,1,0.0,0.0,False
c1_s2027_k1_p0.0000_noise_10,1,2027,0.0,0.0,10,dcs_paper_style,ok,2026-08-11-rigorous-v12,"{""algorithm"": ""MiniBatchKMeans"", ""batch_size"": 10000, ""max_iter"": 300, ""random_seed"": 1000}",torch_grid_sample_bicubic,1.0675245962478611e-06,-1.0675245962478611e-06,0.0,0.0,0.0,4.953483563434353e-07,4.953483563434353e-07,124.43823028852916,0.9999999998402788,0.9999999999763487,0.001545694204904198,1.0,124.43823028852916,0.9999999998402788,0.9999999999763487,0.001545694204904198,1.0,723.83,25,0.0,0.0,False
c1_s2027_k1_p0.0080_noise_10,1,2027,0.008,0.0,10,sequential_paper_matched,ok,2026-08-11-rigorous-v12,"{""algorithm"": ""MiniBatchKMeans"", ""batch_size"": 10000, ""max_iter"": 300, ""random_seed"": 1000}",torch_grid_sample_bicubic,0.005743928635086328,-0.005743928635086328,9.814954576223638,5.388888888888889,11.0,0.007157806128537417,0.0020085069876417277,33.55622606565672,0.9764745358729372,0.9708929625656295,1893755.9090310128,1.0,49.45471794223132,0.9970337086678686,0.999254215820323,48693.92845451735,1.0,722.05,1,13.824294235551815,7.666666666666667,False
c1_s2027_k1_p0.0080_noise_10,1,2027,0.008,0.0,10,dcs_paper_style,ok,2026-08-11-rigorous-v12,"{""algorithm"": ""MiniBatchKMeans"", ""batch_size"": 10000, ""max_iter"": 300, ""random_seed"": 1000}",torch_grid_sample_bicubic,0.0035339654651101874,-0.0035339654651101874,7.31057073315377,4.055555555555555,8.0,0.004601681429455949,0.002033101388012416,35.93115454892127,0.9828773357857995,0.9831743054832524,1096051.9842673568,0.9998753687128841,53.1452885727856,0.9983456365849668,0.9996811974205742,20816.981212319184,1.0,736.36,25,13.824294235551815,7.666666666666667,False
c2_s2026_k1_m0.0080_noise_00,2,2026,-0.008,0.0,0,sequential_paper_matched,ok,2026-08-11-rigorous-v12,"{""algorithm"": ""MiniBatchKMeans"", ""batch_size"": 10000, ""max_iter"": 300, ""random_seed"": 1000}",torch_grid_sample_bicubic,0.005570034875777809,0.005570034875777809,9.38083151964686,5.111111111111111,11.0,0.005328336071346128,0.0016381583936643628,35.31007009700241,0.9744787117802193,0.9821388031926056,1264560.4587353577,0.992178163447169,50.6605644681925,0.9972113741110168,0.9994779851123942,36888.429065575845,1.0,734.39,1,12.905640455070625,7.055555555555555,False
c2_s2026_k1_m0.0080_noise_00,2,2026,-0.008,0.0,0,dcs_paper_style,ok,2026-08-11-rigorous-v12,"{""algorithm"": ""MiniBatchKMeans"", ""batch_size"": 10000, ""max_iter"": 300, ""random_seed"": 1000}",torch_grid_sample_bicubic,0.0027391599381706338,0.0027391599381706338,5.686240703077327,3.1666666666666665,7.0,0.0029703202024349597,0.0013415575741578028,38.85444242593769,0.984696799489945,0.9921000618477507,559116.5722137067,0.9953280537255832,56.02233835078099,0.9989209654609325,0.999848174931233,10732.793472321204,1.0,760.44,25,12.905640455070625,7.055555555555555,False
c2_s2026_k1_m0.0080_noise_10,2,2026,-0.008,0.0,10,sequential_paper_matched,ok,2026-08-11-rigorous-v12,"{""algorithm"": ""MiniBatchKMeans"", ""batch_size"": 10000, ""max_iter"": 300, ""random_seed"": 1000}",torch_grid_sample_bicubic,0.005570034875777809,0.005570034875777809,9.38083151964686,5.111111111111111,11.0,0.005328336071346128,0.0016381583936643628,35.31007009700241,0.9744787117802193,0.9821388031926056,1264560.4587353577,0.992178163447169,50.6605644681925,0.9972113741110168,0.9994779851123942,36888.429065575845,1.0,796.28,1,12.905640455070625,7.055555555555555,False
c2_s2026_k1_m0.0080_noise_10,2,2026,-0.008,0.0,10,dcs_paper_style,ok,2026-08-11-rigorous-v12,"{""algorithm"": ""MiniBatchKMeans"", ""batch_size"": 10000, ""max_iter"": 300, ""random_seed"": 1000}",torch_grid_sample_bicubic,0.0027391599381706338,0.0027391599381706338,5.686240703077327,3.1666666666666665,7.0,0.0029703202024349597,0.0013415575741578028,38.85444242593769,0.984696799489945,0.9921000618477507,559116.5722137067,0.9953280537255832,56.02233835078099,0.9989209654609325,0.999848174931233,10732.793472321204,1.0,804.25,25,12.905640455070625,7.055555555555555,False
c2_s2026_k1_p0.0000_noise_00,2,2026,0.0,0.0,0,sequential_paper_matched,ok,2026-08-11-rigorous-v12,"{""algorithm"": ""MiniBatchKMeans"", ""batch_size"": 10000, ""max_iter"": 300, ""random_seed"": 1000}",torch_grid_sample_bicubic,9.119637974762979e-07,-9.119637974762979e-07,0.0,0.0,0.0,1.1189687388474296e-07,1.1189687388474296e-07,128.71003164234614,0.9999999999440509,0.9999999999918242,0.0005780207688109772,1.0,128.71003164234614,0.9999999999440509,0.9999999999918242,0.0005780207688109772,1.0,793.09,1,0.0,0.0,False
c2_s2026_k1_p0.0000_noise_00,2,2026,0.0,0.0,0,dcs_paper_style,ok,2026-08-11-rigorous-v12,"{""algorithm"": ""MiniBatchKMeans"", ""batch_size"": 10000, ""max_iter"": 300, ""random_seed"": 1000}",torch_grid_sample_bicubic,5.662349112227742e-07,-5.662349112227742e-07,0.0,0.0,0.0,1.8886008958107836e-08,1.8886008958107836e-08,139.05390353104312,0.9999999999950537,0.9999999999992403,5.3401844082518e-05,1.0,139.05390353104312,0.9999999999950537,0.9999999999992403,5.3401844082518e-05,1.0,752.62,25,0.0,0.0,False
c2_s2026_k1_p0.0000_noise_10,2,2026,0.0,0.0,10,sequential_paper_matched,ok,2026-08-11-rigorous-v12,"{""algorithm"": ""MiniBatchKMeans"", ""batch_size"": 10000, ""max_iter"": 300, ""random_seed"": 1000}",torch_grid_sample_bicubic,9.119637974762979e-07,-9.119637974762979e-07,0.0,0.0,0.0,1.1189687388474296e-07,1.1189687388474296e-07,128.71003164234614,0.9999999999440509,0.9999999999918242,0.0005780207688109772,1.0,128.71003164234614,0.9999999999440509,0.9999999999918242,0.0005780207688109772,1.0,802.01,1,0.0,0.0,False
c2_s2026_k1_p0.0000_noise_10,2,2026,0.0,0.0,10,dcs_paper_style,ok,2026-08-11-rigorous-v12,"{""algorithm"": ""MiniBatchKMeans"", ""batch_size"": 10000, ""max_iter"": 300, ""random_seed"": 1000}",torch_grid_sample_bicubic,5.662349112227742e-07,-5.662349112227742e-07,0.0,0.0,0.0,1.8886008958107836e-08,1.8886008958107836e-08,139.05390353104312,0.9999999999950537,0.9999999999992403,5.3401844082518e-05,1.0,139.05390353104312,0.9999999999950537,0.9999999999992403,5.3401844082518e-05,1.0,790.94,25,0.0,0.0,False
c2_s2026_k1_p0.0080_noise_00,2,2026,0.008,0.0,0,sequential_paper_matched,ok,2026-08-11-rigorous-v12,"{""algorithm"": ""MiniBatchKMeans"", ""batch_size"": 10000, ""max_iter"": 300, ""random_seed"": 1000}",torch_grid_sample_bicubic,0.0057005491553196825,-0.0057005491553196825,9.128709291752768,5.0,10.0,0.005255206660884447,0.001386166023370005,36.84705247975409,0.9794916038304977,0.987462463420048,887649.1868306375,1.0,50.73920579333242,0.997261319783293,0.9994883052695048,36226.47090650084,1.0,358.51,1,12.797569213634977,7.0,False
c2_s2026_k1_p0.0080_noise_00,2,2026,0.008,0.0,0,dcs_paper_style,ok,2026-08-11-rigorous-v12,"{""algorithm"": ""MiniBatchKMeans"", ""batch_size"": 10000, ""max_iter"": 300, ""random_seed"": 1000}",torch_grid_sample_bicubic,0.0027162794930888105,-0.0027162794930888105,4.760952285695233,2.5555555555555554,6.0,0.0028498917104629942,0.00099601434521406,41.52841884323421,0.988446286051783,0.9957284609047397,302068.00215341867,1.0,56.355449466009176,0.9989873882479554,0.999859533539309,9940.349650773347,1.0,781.15,25,12.797569213634977,7.0,False
c2_s2026_k1_p0.0080_noise_10,2,2026,0.008,0.0,10,sequential_paper_matched,ok,2026-08-11-rigorous-v12,"{""algorithm"": ""MiniBatchKMeans"", ""batch_size"": 10000, ""max_iter"": 300, ""random_seed"": 1000}",torch_grid_sample_bicubic,0.005621981972358003,-0.005621981972358003,9.16515138991168,5.0,11.0,0.005189538151886516,0.001481384341998797,36.6447427559952,0.9792216578968035,0.9868632517668611,929977.2657975643,1.0,50.83995484506322,0.9973052909649488,0.9995000285194169,35395.75032623067,1.0,395.61,1,13.05543735171076,7.222222222222222,False
c2_s2026_k1_p0.0080_noise_10,2,2026,0.008,0.0,10,dcs_paper_style,ok,2026-08-11-rigorous-v12,"{""algorithm"": ""MiniBatchKMeans"", ""batch_size"": 10000, ""max_iter"": 300, ""random_seed"": 1000}",torch_grid_sample_bicubic,0.0030328578117666347,-0.0030328578117666347,5.811865258054231,3.2222222222222223,7.0,0.003110203194068209,0.0012929612568017073,40.41775699830594,0.9865056138667647,0.9944862162094945,390095.4705584379,0.9998752247968481,55.51990311838835,0.998811407435569,0.999829728544824,12049.146802254041,1.0,807.87,25,13.05543735171076,7.222222222222222,False
c2_s2027_k1_m0.0080_noise_10,2,2027,-0.008,0.0,10,sequential_paper_matched,ok,2026-08-11-rigorous-v12,"{""algorithm"": ""MiniBatchKMeans"", ""batch_size"": 10000, ""max_iter"": 300, ""random_seed"": 1000}",torch_grid_sample_bicubic,0.005570034875777809,0.005570034875777809,9.38083151964686,5.111111111111111,11.0,0.005328336071346128,0.0016381583936643628,35.31007009700241,0.9744787117802193,0.9821388031926056,1264560.4587353577,0.992178163447169,50.6605644681925,0.9972113741110168,0.9994779851123942,36888.429065575845,1.0,466.1,1,12.905640455070625,7.055555555555555,False
c2_s2027_k1_m0.0080_noise_10,2,2027,-0.008,0.0,10,dcs_paper_style,ok,2026-08-11-rigorous-v12,"{""algorithm"": ""MiniBatchKMeans"", ""batch_size"": 10000, ""max_iter"": 300, ""random_seed"": 1000}",torch_grid_sample_bicubic,0.0027391599381706338,0.0027391599381706338,5.686240703077327,3.1666666666666665,7.0,0.0029703202024349597,0.0013415575741578028,38.85444242593769,0.984696799489945,0.9921000618477507,559116.5722137067,0.9953280537255832,56.02233835078099,0.9989209654609325,0.999848174931233,10732.793472321204,1.0,855.2,25,12.905640455070625,7.055555555555555,False
c2_s2027_k1_p0.0000_noise_10,2,2027,0.0,0.0,10,sequential_paper_matched,ok,2026-08-11-rigorous-v12,"{""algorithm"": ""MiniBatchKMeans"", ""batch_size"": 10000, ""max_iter"": 300, ""random_seed"": 1000}",torch_grid_sample_bicubic,9.119637974762979e-07,-9.119637974762979e-07,0.0,0.0,0.0,1.1189687388474296e-07,1.1189687388474296e-07,128.71003164234614,0.9999999999440509,0.9999999999918242,0.0005780207688109772,1.0,128.71003164234614,0.9999999999440509,0.9999999999918242,0.0005780207688109772,1.0,478.96,1,0.0,0.0,False
c2_s2027_k1_p0.0000_noise_10,2,2027,0.0,0.0,10,dcs_paper_style,ok,2026-08-11-rigorous-v12,"{""algorithm"": ""MiniBatchKMeans"", ""batch_size"": 10000, ""max_iter"": 300, ""random_seed"": 1000}",torch_grid_sample_bicubic,5.662349112227742e-07,-5.662349112227742e-07,0.0,0.0,0.0,1.8886008958107836e-08,1.8886008958107836e-08,139.05390353104312,0.9999999999950537,0.9999999999992403,5.3401844082518e-05,1.0,139.05390353104312,0.9999999999950537,0.9999999999992403,5.3401844082518e-05,1.0,820.74,25,0.0,0.0,False
c2_s2027_k1_p0.0080_noise_10,2,2027,0.008,0.0,10,sequential_paper_matched,ok,2026-08-11-rigorous-v12,"{""algorithm"": ""MiniBatchKMeans"", ""batch_size"": 10000, ""max_iter"": 300, ""random_seed"": 1000}",torch_grid_sample_bicubic,0.005621981972358003,-0.005621981972358003,9.16515138991168,5.0,11.0,0.005189538151886516,0.001481384341998797,36.6447427559952,0.9792216578968035,0.9868632517668611,929977.2657975643,1.0,50.83995484506322,0.9973052909649488,0.9995000285194169,35395.75032623067,1.0,495.37,1,13.05543735171076,7.222222222222222,False
c2_s2027_k1_p0.0080_noise_10,2,2027,0.008,0.0,10,dcs_paper_style,ok,2026-08-11-rigorous-v12,"{""algorithm"": ""MiniBatchKMeans"", ""batch_size"": 10000, ""max_iter"": 300, ""random_seed"": 1000}",torch_grid_sample_bicubic,0.0030328578117666347,-0.0030328578117666347,5.811865258054231,3.2222222222222223,7.0,0.003110203194068209,0.0012929612568017073,40.41775699830594,0.9865056138667647,0.9944862162094945,390095.4705584379,0.9998752247968481,55.51990311838835,0.998811407435569,0.999829728544824,12049.146802254041,1.0,1563.65,25,13.05543735171076,7.222222222222222,False
c3_s2026_k1_m0.0080_noise_00,3,2026,-0.008,0.0,0,sequential_paper_matched,ok,2026-08-11-rigorous-v12,"{""algorithm"": ""MiniBatchKMeans"", ""batch_size"": 10000, ""max_iter"": 300, ""random_seed"": 1000}",torch_grid_sample_bicubic,0.0054534904863912555,0.0054534904863912555,9.809292646374775,5.333333333333333,11.0,0.005471077837063689,0.0018061780391471825,34.10815534421939,0.966187273284824,0.9763068804828381,1667750.475347266,0.9918003838528511,45.97700331615329,0.9941826585837581,0.9984626357415108,108454.17521243986,1.0,544.58,1,13.824294235551815,7.666666666666667,False
c3_s2026_k1_m0.0080_noise_00,3,2026,-0.008,0.0,0,dcs_paper_style,ok,2026-08-11-rigorous-v12,"{""algorithm"": ""MiniBatchKMeans"", ""batch_size"": 10000, ""max_iter"": 300, ""random_seed"": 1000}",torch_grid_sample_bicubic,0.002730376224697271,0.002730376224697271,5.811865258054231,3.2222222222222223,7.0,0.003160577201672847,0.0013837137038210739,37.606250509868346,0.9787765581090275,0.9893981487087381,745283.586062655,0.9952032785224313,51.4061023650363,0.9979202341835114,0.9995588198288252,31069.650720925794,1.0,2308.74,25,13.824294235551815,7.666666666666667,False
c3_s2026_k1_m0.0080_noise_10,3,2026,-0.008,0.0,10,sequential_paper_matched,ok,2026-08-11-rigorous-v12,"{""algorithm"": ""MiniBatchKMeans"", ""batch_size"": 10000, ""max_iter"": 300, ""random_seed"": 1000}",torch_grid_sample_bicubic,0.0054534904863912555,0.0054534904863912555,9.809292646374775,5.333333333333333,11.0,0.005471077837063689,0.0018061780391471825,34.10815534421939,0.966187273284824,0.9763068804828381,1667750.475347266,0.9918003838528511,45.97700331615329,0.9941826585837581,0.9984626357415108,108454.17521243986,1.0,590.81,1,13.824294235551815,7.666666666666667,False
c3_s2026_k1_m0.0080_noise_10,3,2026,-0.008,0.0,10,dcs_paper_style,ok,2026-08-11-rigorous-v12,"{""algorithm"": ""MiniBatchKMeans"", ""batch_size"": 10000, ""max_iter"": 300, ""random_seed"": 1000}",torch_grid_sample_bicubic,0.002730376224697271,0.002730376224697271,5.811865258054231,3.2222222222222223,7.0,0.003160577201672847,0.0013837137038210739,37.606250509868346,0.9787765581090275,0.9893981487087381,745283.586062655,0.9952032785224313,51.4061023650363,0.9979202341835114,0.9995588198288252,31069.650720925794,1.0,2107.2,25,13.824294235551815,7.666666666666667,False
c3_s2026_k1_p0.0000_noise_00,3,2026,0.0,0.0,0,sequential_paper_matched,ok,2026-08-11-rigorous-v12,"{""algorithm"": ""MiniBatchKMeans"", ""batch_size"": 10000, ""max_iter"": 300, ""random_seed"": 1000}",torch_grid_sample_bicubic,1.0235947924042626e-06,-1.0235947924042626e-06,0.0,0.0,0.0,4.5211795433528094e-07,4.5211795433528094e-07,117.31867918935727,0.9999999995209192,0.999999999886707,0.007963036173583463,1.0,117.31867918935727,0.9999999995209192,0.999999999886707,0.007963036173583463,1.0,582.76,1,0.0,0.0,False
c3_s2026_k1_p0.0000_noise_00,3,2026,0.0,0.0,0,dcs_paper_style,ok,2026-08-11-rigorous-v12,"{""algorithm"": ""MiniBatchKMeans"", ""batch_size"": 10000, ""max_iter"": 300, ""random_seed"": 1000}",torch_grid_sample_bicubic,6.010320915263994e-07,-6.010320915263994e-07,0.0,0.0,0.0,1.1866527015874693e-07,1.1866527015874693e-07,123.2858531728145,0.999999999890973,0.9999999999713006,0.0020154001671728672,1.0,123.2858531728145,0.999999999890973,0.9999999999713006,0.0020154001671728672,1.0,1637.97,25,0.0,0.0,False
c3_s2026_k1_p0.0000_noise_10,3,2026,0.0,0.0,10,sequential_paper_matched,ok,2026-08-11-rigorous-v12,"{""algorithm"": ""MiniBatchKMeans"", ""batch_size"": 10000, ""max_iter"": 300, ""random_seed"": 1000}",torch_grid_sample_bicubic,1.0235947924042626e-06,-1.0235947924042626e-06,0.0,0.0,0.0,4.5211795433528094e-07,4.5211795433528094e-07,117.31867918935727,0.9999999995209192,0.999999999886707,0.007963036173583463,1.0,117.31867918935727,0.9999999995209192,0.999999999886707,0.007963036173583463,1.0,625.78,1,0.0,0.0,False
c3_s2026_k1_p0.0000_noise_10,3,2026,0.0,0.0,10,dcs_paper_style,ok,2026-08-11-rigorous-v12,"{""algorithm"": ""MiniBatchKMeans"", ""batch_size"": 10000, ""max_iter"": 300, ""random_seed"": 1000}",torch_grid_sample_bicubic,6.010320915263994e-07,-6.010320915263994e-07,0.0,0.0,0.0,1.1866527015874693e-07,1.1866527015874693e-07,123.2858531728145,0.999999999890973,0.9999999999713006,0.0020154001671728672,1.0,123.2858531728145,0.999999999890973,0.9999999999713006,0.0020154001671728672,1.0,2164.4,25,0.0,0.0,False
c3_s2026_k1_p0.0080_noise_00,3,2026,0.008,0.0,0,sequential_paper_matched,ok,2026-08-11-rigorous-v12,"{""algorithm"": ""MiniBatchKMeans"", ""batch_size"": 10000, ""max_iter"": 300, ""random_seed"": 1000}",torch_grid_sample_bicubic,0.005586500546193799,-0.005586500546193799,9.195409482755814,5.055555555555555,10.0,0.005404830903103534,0.001502344789210065,35.69702256800873,0.9731697315917714,0.9834974445067801,1156762.898298444,1.0,46.08633057652328,0.9943365434189153,0.9984932584321868,105758.07808243683,1.0,573.65,1,13.820274961085254,7.611111111111111,False
c3_s2026_k1_p0.0080_noise_00,3,2026,0.008,0.0,0,dcs_paper_style,ok,2026-08-11-rigorous-v12,"{""algorithm"": ""MiniBatchKMeans"", ""batch_size"": 10000, ""max_iter"": 300, ""random_seed"": 1000}",torch_grid_sample_bicubic,0.0020332130482965697,-0.0020332130482965697,3.7564758898615485,2.0555555555555554,5.0,0.0023708450365454974,0.0011097980861805416,42.240487114223825,0.986775908024372,0.9963463830736885,256388.11897535893,1.0,54.129657858395,0.9988116625655294,0.9997637890934167,16595.13622214973,1.0,2249.76,25,13.820274961085254,7.611111111111111,False
c3_s2026_k1_p0.0080_noise_10,3,2026,0.008,0.0,10,sequential_paper_matched,ok,2026-08-11-rigorous-v12,"{""algorithm"": ""MiniBatchKMeans"", ""batch_size"": 10000, ""max_iter"": 300, ""random_seed"": 1000}",torch_grid_sample_bicubic,0.005586500546193799,-0.005586500546193799,9.195409482755814,5.055555555555555,10.0,0.005404830903103534,0.001502344789210065,35.69702256800873,0.9731697315917714,0.9834974445067801,1156762.898298444,1.0,46.08633057652328,0.9943365434189153,0.9984932584321868,105758.07808243683,1.0,620.4,1,13.820274961085254,7.611111111111111,False
c3_s2026_k1_p0.0080_noise_10,3,2026,0.008,0.0,10,dcs_paper_style,ok,2026-08-11-rigorous-v12,"{""algorithm"": ""MiniBatchKMeans"", ""batch_size"": 10000, ""max_iter"": 300, ""random_seed"": 1000}",torch_grid_sample_bicubic,0.0020332130482965697,-0.0020332130482965697,3.7564758898615485,2.0555555555555554,5.0,0.0023708450365454974,0.0011097980861805416,42.240487114223825,0.986775908024372,0.9963463830736885,256388.11897535893,1.0,54.129657858395,0.9988116625655294,0.9997637890934167,16595.13622214973,1.0,1221.39,25,13.820274961085254,7.611111111111111,False
c3_s2027_k1_m0.0080_noise_10,3,2027,-0.008,0.0,10,sequential_paper_matched,ok,2026-08-11-rigorous-v12,"{""algorithm"": ""MiniBatchKMeans"", ""batch_size"": 10000, ""max_iter"": 300, ""random_seed"": 1000}",torch_grid_sample_bicubic,0.0054534904863912555,0.0054534904863912555,9.809292646374775,5.333333333333333,11.0,0.005471077837063689,0.0018061780391471825,34.10815534421939,0.966187273284824,0.9763068804828381,1667750.475347266,0.9918003838528511,45.97700331615329,0.9941826585837581,0.9984626357415108,108454.17521243986,1.0,696.19,1,13.824294235551815,7.666666666666667,False
c3_s2027_k1_m0.0080_noise_10,3,2027,-0.008,0.0,10,dcs_paper_style,ok,2026-08-11-rigorous-v12,"{""algorithm"": ""MiniBatchKMeans"", ""batch_size"": 10000, ""max_iter"": 300, ""random_seed"": 1000}",torch_grid_sample_bicubic,0.002730376224697271,0.002730376224697271,5.811865258054231,3.2222222222222223,7.0,0.003160577201672847,0.0013837137038210739,37.606250509868346,0.9787765581090275,0.9893981487087381,745283.586062655,0.9952032785224313,51.4061023650363,0.9979202341835114,0.9995588198288252,31069.650720925794,1.0,2241.61,25,13.824294235551815,7.666666666666667,False
c3_s2027_k1_p0.0000_noise_10,3,2027,0.0,0.0,10,sequential_paper_matched,ok,2026-08-11-rigorous-v12,"{""algorithm"": ""MiniBatchKMeans"", ""batch_size"": 10000, ""max_iter"": 300, ""random_seed"": 1000}",torch_grid_sample_bicubic,1.0235947924042626e-06,-1.0235947924042626e-06,0.0,0.0,0.0,4.5211795433528094e-07,4.5211795433528094e-07,117.31867918935727,0.9999999995209192,0.999999999886707,0.007963036173583463,1.0,117.31867918935727,0.9999999995209192,0.999999999886707,0.007963036173583463,1.0,715.65,1,0.0,0.0,False
c3_s2027_k1_p0.0000_noise_10,3,2027,0.0,0.0,10,dcs_paper_style,ok,2026-08-11-rigorous-v12,"{""algorithm"": ""MiniBatchKMeans"", ""batch_size"": 10000, ""max_iter"": 300, ""random_seed"": 1000}",torch_grid_sample_bicubic,6.010320915263994e-07,-6.010320915263994e-07,0.0,0.0,0.0,1.1866527015874693e-07,1.1866527015874693e-07,123.2858531728145,0.999999999890973,0.9999999999713006,0.0020154001671728672,1.0,123.2858531728145,0.999999999890973,0.9999999999713006,0.0020154001671728672,1.0,2300.19,25,0.0,0.0,False
c3_s2027_k1_p0.0080_noise_10,3,2027,0.008,0.0,10,sequential_paper_matched,ok,2026-08-11-rigorous-v12,"{""algorithm"": ""MiniBatchKMeans"", ""batch_size"": 10000, ""max_iter"": 300, ""random_seed"": 1000}",torch_grid_sample_bicubic,0.005586500546193799,-0.005586500546193799,9.195409482755814,5.055555555555555,10.0,0.005404830903103534,0.001502344789210065,35.69702256800873,0.9731697315917714,0.9834974445067801,1156762.898298444,1.0,46.08633057652328,0.9943365434189153,0.9984932584321868,105758.07808243683,1.0,720.33,1,13.820274961085254,7.611111111111111,False
c3_s2027_k1_p0.0080_noise_10,3,2027,0.008,0.0,10,dcs_paper_style,ok,2026-08-11-rigorous-v12,"{""algorithm"": ""MiniBatchKMeans"", ""batch_size"": 10000, ""max_iter"": 300, ""random_seed"": 1000}",torch_grid_sample_bicubic,0.0020332130482965697,-0.0020332130482965697,3.7564758898615485,2.0555555555555554,5.0,0.0023708450365454974,0.0011097980861805416,42.240487114223825,0.986775908024372,0.9963463830736885,256388.11897535893,1.0,54.129657858395,0.9988116625655294,0.9997637890934167,16595.13622214973,1.0,2188.54,25,13.820274961085254,7.611111111111111,False
